nit,razon_social,tipo_persona,municipio,periodo_fiscal,total_ingresos,total_costos,renta_liquida,impuesto_cargo,saldo_favor,activos_exterior_usd,fecha_presentacion,estado
957593147-0,Empresa AD S.A.S.,  Natural, Neiva,2020-03,27927177,18648201,9278976,3062062,1711667,20461.58,01/12/2024,Presentada
982070495-8,Empresa TB S.A.S.,Natural,ibagué,2020-01,47770202,16213871,31556331,10413589,1032640,28002.4,19/01/2024,En revisión
708123244-6,Empresa DC S.A.S.,NATURAL,Tunja,2023-03,38021327,18877210,19144117,6317558,233418,19761.83,20/03/2024,Aceptada
836698154-4,Empresa YE S.A.S.,JURIDICA,buga,2020-01,43866053,,14108004,4655641,1308909,32401.67,15/03/2024,En revisión
817791789-7,Empresa EB S.A.S., Natural,BUGA,2021-03,38169075,26125564,12043511,3974358,250472,12888.25,Feb 10 2024,Aceptada
809161494-8,Empresa XE S.A.S.,NATURAL,BUGA,2023-03,24667060,12668269,11998791,3959601,1509503,17992.82,28/08/2024,Presentada
887881974-1,Empresa RG S.A.S.,natural,pasto,2022-03,19682174,8693470,10988704,3626272,613770,24995.34,Apr 21 2024,Aceptada
738141178-7,Empresa OE S.A.S.,Natural,BARRANQUILLA,2022-01,31250250,12401361,18848889,6220133,,57682.37,08/11/2024,En revisión
796092551-2,Empresa LB S.A.S.,  Natural,TUNJA,2022-01,46737695,34245179,12492516,4122530,637972,63266.14,15/03/2024,Presentada
733881420-8,Empresa GF S.A.S.,natural,Pasto,2021-01,31475243,11540206,19935037,6578562,785953,69020.27,06/02/2024,En revisión
859664435-4,Empresa KC S.A.S.,JURIDICA, Buga,2023-02,27850734,21629778,6220956,2052915,970185,61661.33,Jun 28 2024,Presentada
749237632-5,Empresa FF S.A.S., Natural,manizales,2023-03,31491412,16496461,,4948333,381946,7232.16,Oct 26 2024,En revisión
768778239-3,Empresa ME S.A.S.,juridica,ARMENIA,2023-03,28946987,9565187,19381800,6395994,137786,2080.77,11/04/2024,Aceptada
914521326-4,Empresa YF S.A.S.,Natural,BUCARAMANGA,2020-01,11757888,9179105,2578783,850998,N/A,55936.67,May 17 2024,Aceptada
724691405-0,Empresa LF S.A.S.,NATURAL,IBAGUE,2022-01,44542785,25236966,19305819,6370920,ninguno,59277.94,10/09/2024,Presentada
879105475-8,Empresa TA S.A.S.,  Natural,Manizales,2021-01,36142404,12738778,23403626,7723196,347569,58739.79,May 10 2024,Rechazada
950683461-8,Empresa EG S.A.S.,  Natural,manizales,2023-03,22992194,13002301,9989893,3296664,1046655,65304.07,03/01/2024,En revisión
741912413-8,Empresa IB S.A.S., Natural,Ibagué ,2023-03,34831976,15986754,18845222,6218923,762212,29126.3,Oct 04 2024,Presentada
970336852-7,Empresa ZD S.A.S.,NATURAL,POPAYAN,2020-02,4206508,1681393,2525115,833287,703855,42257.89,Jul 23 2024,Presentada
932207235-3,Empresa RD S.A.S.,Natural, Armenia,2022-01,30910383,13695602,17214781,5680877,1772076,35171.04,Sep 20 2024,En revisión
795577628-6,Empresa KE S.A.S.,natural,VILLAVICENCIO,2023-03,17503902,11812553,5691349,1878145,350324,27762.09,07/11/2024,Aceptada
998597004-6,Empresa PE S.A.S.,natural,Bogotá D.C.,2022-02,24734830,14270649,10464181,3453179,124141,47763.95,07/02/2024,Presentada
800501582-5,Empresa EA S.A.S., Natural, Ibagué,2023-02,37769756,19150905,18618851,6144220,,30963.23,10/08/2024,En revisión
768205462-9,Empresa IF S.A.S.,  Natural,Cartagena ,2021-01,8093608,3931134,4162474,1373616,,71543.24,16/05/2024,En revisión
985790053-7,Empresa TE S.A.S.,JURIDICA,Armenia,2022-03,15740954,8570315,7170639,2366310,1936432,75144.54,01/06/2024,Aceptada
854015272-2,Empresa UE S.A.S.,  Natural, Cartagena,2023-02,21206045,15301169,5904876,1948609,1139702,55189.49,32/13/2024,Aceptada
702053578-1,Empresa KF S.A.S.,Natural,manizales,2022-02,49506316,25426435,24079881,7946360,N/A,21067.44,02/10/2024,Rechazada
752862987-6,Empresa RC S.A.S., Natural,cúcuta,2020-01,10262712,5425714,4836998,1596209,777732,51055.78,Jun 03 2024,En revisión
983210799-7,Empresa QD S.A.S.,  Juridica, Bucaramanga,2021-01,47967432,14605017,33362415,11009596,130526,59330.43,23/10/2024,Rechazada
980011016-3,Empresa IE S.A.S.,JURIDICA,BOGOTA D.C.,2022-01,3812671,2567961,1244710,410754,335287,32576.55,Jan 13 2024,Presentada
705072800-9,Empresa UA S.A.S., NATURAL, Valledupar,2022-03,10992906,8644568,2348338,774951,445726,78101.43,Dec 06 2024,Aceptada
885284314-1,Empresa XA S.A.S.,Natural, Cali,2022-02,26070430,16731142,9339288,3081965,1006162,73456.22,25/11/2024,Rechazada
784447521-6,Empresa QC S.A.S.,natural,pereira,2020-03,13732049,7487602,6244447,2060667,875433,38094.2,01/01/1900,En revisión
860032438-2,Empresa LG S.A.S.,NATURAL,Villavicencio,2020-03,48509604,37631560,10878044,3589754,99871,64601.27,22/12/2024,En revisión
739261953-6,Empresa WA S.A.S.,  Natural,buga,2020-02,10490913,3704703,6786210,2239449,734282,39022.9,16/08/2024,Aceptada
724368388-3,Empresa SG S.A.S., NATURAL,Neiva,2021-03,42041465,31472282,10569183,3487830,1182639,7396.56,18/08/2024,Aceptada
789977558-8,Empresa CC S.A.S., NATURAL,Popayán ,2021-02,19404129,6513105,12891024,4254037,1519482,58352.73,Jan 27 2024,Aceptada
767128127-7,Empresa NC S.A.S.,NATURAL,VALLEDUPAR,2020-03,22152751,8526969,13625782,4496508,952843,53776.08,10/12/2024,Rechazada
854312593-1,Empresa FD S.A.S., Natural,NEIVA,2022-03,31601109,19522871,12078238,3985818,N/A,62861.71,Sep 15 2024,Aceptada
714118494-5,Empresa YB S.A.S.,natural,POPAYÁN,2020-03,19938722,13627976,6310746,2082546,1861168,58953.46,Apr 12 2024,Aceptada
854144567-5,Empresa RB S.A.S.,NATURAL, Bogotá D.C.,2023-02,45499479,34028466,11471013,3785434,,63261.33,27/06/2024,Aceptada
987157608-8,Empresa OC S.A.S.,  Natural,Buga ,2022-02,39699798,17824149,21875649,7218964,918271,-38237.03,Jul 25 2024,Presentada
748903378-2,Empresa BC S.A.S., NATURAL,cali,2021-01,45649799,28558617,17091182,5640090,1059695,4237.64,Oct 10 2024,En revisión
988956811-6,Empresa MC S.A.S., NATURAL,ibagué,2023-01,15936198,9692546,6243652,2060405,685184,73002.02,06/09/2024,Aceptada
984127990-3,Empresa BG S.A.S., NATURAL, Neiva,2020-03,26970585,12938314,14032271,4630649,1648666,23676.16,18/12/2024,Rechazada
762110246-7,Empresa AC S.A.S.,natural,medellín,2023-03,7674199,3282063,4392136,1449404,1961569,3389.39,Jan 21 2024,Aceptada
972895350-0,Empresa RF S.A.S.,  Juridica,pasto,2020-03,11472779,4982880,6489899,2141666,686451,21608.92,13/06/2024,Rechazada
715698027-7,Empresa ZG S.A.S.,NATURAL,Medellín ,2020-01,36850033,15094707,21755326,7179257,,47227.48,03/08/2024,Presentada
817495058-3,Empresa HD S.A.S.,  Juridica,Ibagué,2022-03,26632052,15673032,10959020,3616476,244434,22477.76,sin fecha,Presentada
734657323-8,Empresa HB S.A.S., NATURAL,tunja,2023-03,22405629,9167198,13238431,4368682,ninguno,65287.7,Sep 03 2024,Rechazada
900186282-6,Empresa MF S.A.S.,Natural,IBAGUE,2020-03,9482140,3826277,5655863,1866434,549335,5586.48,Apr 23 2024,Presentada
995681035-6,Empresa TC S.A.S., Juridica,Cali,2023-02,33290226,25808290,7481936,2469038,1970647,-16183.45,03/08/2024,En revisión
725423956-1,Empresa LD S.A.S.,  Natural,Neiva,2021-03,6821206,3679264,3141942,1036840,645482,24242.03,07/09/2024,Rechazada
972912735-1,Empresa DE S.A.S., JURIDICA,PEREIRA,2023-01,41230016,27019278,14210738,4689543,405578,16700.6,Mar 27 2024,Presentada
805680224-7,Empresa BE S.A.S.,Natural, Neiva,2020-02,2231232,1728969,502263,165746,698753,13749.59,Mar 12 2024,Aceptada
908384141-0,Empresa DD S.A.S., Juridica,Montería ,2020-02,9039494,6301608,2737886,903502,200630,79909.82,Jun 14 2024,En revisión
809161494-8,Empresa XE S.A.S.,NATURAL,BUGA,2023-03,24667060,12668269,11998791,3959601,1509503,17992.82,28/08/2024,Presentada
739335346-5,Empresa KG S.A.S.,juridica, Armenia,2021-03,33847987,14934557,18913430,6241431,N/A,72660.8,Feb 16 2024,Rechazada
750396149-8,Empresa JA S.A.S.,natural,villavicencio,2023-03,5846117,2035763,3810354,1257416,98187,25138.53,Nov 21 2024,Presentada
945330680-9,Empresa UB S.A.S.,JURIDICA,Tunja,2021-02,39874762,14131560,25743202,8495256,1725907,51814.79,05/01/2024,Presentada
702693736-2,Empresa AE S.A.S.,Natural,Santa Marta ,2021-01,,11263176,11247243,3711590,795484,7147.99,02/05/2024,Aceptada
925957751-6,Empresa ZE S.A.S., JURIDICA, Bogotá D.C.,2022-02,38198102,16122678,22075424,7284889,1842458,73495.72,Oct 17 2024,Rechazada
765324364-4,Empresa PD S.A.S.,Natural, Santa Marta,2021-03,49899977,37808809,12091168,3990085,1857982,28796.62,May 07 2024,En revisión
710989657-2,Empresa DA S.A.S., NATURAL,POPAYÁN,2021-01,32321184,23725288,8595896,2836645,1393965,15488.08,22/03/2024,En revisión
968200884-8,Empresa AF S.A.S.,natural,Bucaramanga,2021-03,7354314,3710413,3643901,1202487,683438,43925.7,Mar 14 2024,Presentada
892484609-9,Empresa MG S.A.S.,Natural, Bucaramanga,2020-01,43884561,34739489,9145072,3017873,761670,43522.74,23/06/2024,En revisión
964781659-6,Empresa YA S.A.S.,  Natural,BUCARAMANGA,2023-01,31031067,17164401,13866666,4575999,745651,26154.14,Dec 28 2024,Rechazada
765667491-4,Empresa LA S.A.S.,NATURAL,Cúcuta ,2020-03,3588018,1581295,2006723,662218,ninguno,23519.68,Apr 11 2024,Presentada
995403741-8,Empresa FB S.A.S., Natural,VALLEDUPAR,2022-02,9251508,2906381,6345127,2093891,929830,4036.09,Jun 12 2024,Rechazada
771690990-1,Empresa LE S.A.S., NATURAL, Pasto,2020-01,33391962,16627810,16764152,5532170,118885,51615.31,Apr 04 2024,Rechazada
724797813-1,Empresa VB S.A.S.,juridica,Popayán,2022-03,13286043,7538283,5747760,1896760,584665,1949.72,May 05 2024,Aceptada
982703708-2,Empresa JB S.A.S.,natural,pereira,2023-01,33125724,13927632,19198092,6335370,949653,40888.73,Nov 18 2024,Rechazada
748909823-2,Empresa GE S.A.S.,  Natural, Barranquilla,2021-02,23244363,13734785,9509578,3138160,460935,-18146.15,Apr 09 2024,En revisión
996085688-0,Empresa WG S.A.S.,  Natural,Pereira,2020-02,12665583,6925431,5740152,1894250,524987,33985.96,23/12/2024,Aceptada
815692531-6,Empresa QF S.A.S., NATURAL, Pasto,2022-01,22054232,8589274,13464958,4443436,N/A,50282.19,14/09/2024,Rechazada
878366172-3,Empresa BF S.A.S., NATURAL, Buga,2020-01,40971538,25116005,15855533,5232325,1907575,35600.66,Jan 01 2024,En revisión
894085622-5,Empresa WE S.A.S.,Natural,Manizales ,2023-02,43149772,17854470,25295302,8347449,,4589.02,Jan 15 2024,Presentada
748347286-6,Empresa OB S.A.S., NATURAL,NEIVA,2021-01,24063493,16324157,7739336,2553980,393535,40509.44,Nov 08 2024,Aceptada
962928394-8,Empresa MB S.A.S.,Natural,MANIZALES,2022-03,14457697,9252393,5205304,1717750,918047,51477.4,Aug 03 2024,En revisión
835753597-0,Empresa WF S.A.S.,NATURAL,BUGA,2022-02,6532413,4923593,1608820,530910,533443,52275.21,Feb 08 2024,Aceptada
762651478-8,Empresa VA S.A.S., NATURAL,bogotá d.c.,2020-02,23117292,13166412,9950880,3283790,393802,2759.24,Apr 10 2024,Aceptada
784364960-5,Empresa ZF S.A.S., NATURAL,Montería ,2023-03,46901807,37152281,9749526,3217343,1773619,44465.64,03/08/2024,En revisión
788178883-1,Empresa PF S.A.S.,natural,Popayán ,2020-02,40356151,29397382,10958769,3616393,131827,68363.29,19/10/2024,Presentada
904622267-0,Empresa JC S.A.S.,JURIDICA,Pasto,2020-01,3361614,1755283,1606331,530089,669686,75897.88,27/06/2024,Presentada
761391690-9,Empresa QG S.A.S., Natural, Cartagena,2022-02,41743315,27505174,14238141,4698586,56249,55641.87,08/06/2024,Aceptada
873083852-2,Empresa FC S.A.S.,NATURAL,Tunja,2021-01,33833807,24877513,8956294,2955577,362442,55093.54,27/07/2024,En revisión
711162879-6,Empresa OD S.A.S.,NATURAL,MEDELLIN,2020-02,29013329,16498428,12514901,4129917,1650394,6931.01,05/11/2024,Presentada
941447514-0,Empresa JE S.A.S.,  Natural,barranquilla,2020-02,38401987,30447823,7954164,2624874,1283030,53814.84,Jan 18 2024,Aceptada
764395798-2,Empresa EE S.A.S.,natural,Buga ,2020-02,36373301,18541324,17831977,5884552,821347,44864.93,Jan 16 2024,En revisión
908384141-0,Empresa DD S.A.S., Juridica,Montería ,2020-02,9039494,6301608,2737886,903502,200630,79909.82,Jun 14 2024,En revisión
700242079-1,Empresa XD S.A.S.,Natural,BOGOTA D.C.,2020-03,29103445,19720423,9383022,3096397,N/A,1105.43,11/11/2024,Presentada
919934644-5,Empresa BB S.A.S.,Natural,VALLEDUPAR,2021-02,28806656,8954848,19851808,6551096,1552530,-5034.66,12/11/2024,En revisión
982026269-8,Empresa UD S.A.S.,JURIDICA, Cúcuta,2020-01,24557891,15905711,8652180,2855219,191152,60985.4,23/11/2024,Presentada
892733819-7,Empresa SB S.A.S.,NATURAL,BUGA,2020-03,9211707,6417481,2794226,922094,1223664,18196.02,01/01/1900,Rechazada
730349187-6,Empresa FE S.A.S.,NATURAL,santa marta,2020-02,24871365,11366562,13504803,4456584,1192721,72373.93,Jul 16 2024,Aceptada
843604120-8,Empresa ED S.A.S., Natural, Buga,2020-01,14762058,11298814,3463244,1142870,919591,25274.65,01/01/1900,En revisión
962312835-6,Empresa ND S.A.S.,Natural,cúcuta,2021-03,47372646,27850569,19522077,6442285,1082438,74951.11,Sep 09 2024,Rechazada
739925293-8,Empresa WD S.A.S., Natural,ibagué,2023-01,34283819,15058170,19225649,6344464,1135876,60174.93,Jul 06 2024,Rechazada
916147065-1,Empresa AG S.A.S.,NATURAL, Buga,2022-02,36337135,15509779,20827356,6873027,1255655,47163.49,16/06/2024,Presentada
877539801-8,Empresa SD S.A.S.,Natural,PEREIRA,2022-01,19568567,13426591,6141976,2026852,1547766,19482.78,03/08/2024,Aceptada
941667278-5,Empresa BA S.A.S.,Natural, Valledupar,2021-01,3716798,2063543,1653255,545574,737362,54782.16,19/09/2024,Rechazada
925987837-1,Empresa NF S.A.S.,Natural,Cali,2020-03,42876093,19972062,22904031,7558330,1398333,62377.88,Jun 23 2024,Rechazada
984127990-3,Empresa BG S.A.S., NATURAL, Neiva,2020-03,26970585,12938314,14032271,4630649,1648666,23676.16,18/12/2024,Rechazada
770114906-5,Empresa CB S.A.S.,natural, Buga,2023-02,13607785,4153881,,3119788,1222143,56284.51,11/01/2024,Aceptada
927191703-7,Empresa PB S.A.S.,  Natural,pereira,2023-03,26987967,10235362,16752605,5528359,1875355,34046.85,20/08/2024,Aceptada
935553636-5,Empresa CH S.A.S.,  Natural,montería,2020-02,4902554,1913486,2989068,986392,1460310,44069.61,10/08/2024,Aceptada
873667893-5,Empresa NG S.A.S.,Natural,POPAYÁN,2020-01,25752736,17268689,8484047,2799735,,34645.94,28/11/2024,Presentada
876168455-7,Empresa OG S.A.S., Natural,BUCARAMANGA,2022-03,22946073,16333483,6612590,2182154,735130,69529.13,Sep 18 2024,Presentada
980560091-5,Empresa MA S.A.S.,juridica,Manizales,2023-03,12879966,7850147,5029819,1659840,298057,3466.84,05/06/2024,En revisión
868977269-2,Empresa OA S.A.S., NATURAL,Pasto,2021-03,20577851,11741207,8836644,2916092,926357,21473.38,Nov 02 2024,Rechazada
713344204-9,Empresa HE S.A.S., Natural,Bogotá D.C. ,2021-03,28546052,20094119,8451933,2789137,,65038.86,24/05/2024,Aceptada
964781659-6,Empresa YA S.A.S.,  Natural,BUCARAMANGA,2023-01,31031067,17164401,13866666,4575999,745651,26154.14,Dec 28 2024,Rechazada
835839418-7,Empresa MD S.A.S.,natural,NEIVA,2022-03,15560100,4883754,10676346,3523194,1813300,25812.37,24/10/2024,Rechazada
973498255-2,Empresa CF S.A.S., Natural, Bogotá D.C.,2020-01,29354044,18626373,10727671,,111760,14497.25,Jul 21 2024,Aceptada
893075052-7,Empresa JD S.A.S.,Natural,BUGA,2022-03,26370514,10430341,15940173,5260257,1643965,14649.58,02/09/2024,Aceptada
709852892-8,Empresa SA S.A.S., Natural,pasto,2020-02,11258378,7400791,3857587,1273003,,79905.5,Sep 13 2024,Aceptada
904622267-0,Empresa JC S.A.S.,JURIDICA,Pasto,2020-01,3361614,1755283,1606331,530089,669686,75897.88,27/06/2024,Presentada
762710366-8,Empresa RE S.A.S., Natural,Manizales,2020-03,37687327,28204323,9483004,3129391,1310739,52312.01,Apr 05 2024,En revisión
984495424-0,Empresa XB S.A.S.,NATURAL, Pereira,2020-03,9631431,,3908564,1289826,1288477,30838.7,15/03/2024,Rechazada
888340115-0,Empresa QE S.A.S., Natural,barranquilla,2021-01,15049286,11424002,3625284,1196343,N/A,12002.1,12/12/2024,Rechazada
875349381-0,Empresa DB S.A.S., Natural,Montería ,2022-03,44699365,16110548,28588817,9434309,N/A,75388.82,21/06/2024,Aceptada
784861312-1,Empresa QB S.A.S., Natural,PEREIRA,2023-01,15116189,5410483,9705706,3202882,215294,28637.87,01/01/1900,Aceptada
993858416-6,Empresa CA S.A.S.,Natural,PEREIRA,2021-01,32790704,19645232,13145472,4338005,1472914,57015.17,Sep 21 2024,Presentada
891106012-1,Empresa GC S.A.S., JURIDICA,Pasto,2022-01,44229495,22526729,21702766,7161912,N/A,27419.51,Jul 04 2024,Rechazada
722683305-8,Empresa CE S.A.S., NATURAL,CALI,2023-02,5012298,1708476,3303822,1090261,340034,33784.71,Jun 01 2024,Aceptada
969837769-7,Empresa IC S.A.S.,Natural,CALI,2020-03,18284207,11560062,6724145,2218967,1623899,75378.53,17/05/2024,Rechazada
733538718-3,Empresa BH S.A.S.,  Natural,CARTAGENA,2023-02,33287468,22238735,11048733,3646081,1534040,34843.22,23/10/2024,En revisión
806347654-9,Empresa YC S.A.S.,juridica,CUCUTA,2022-03,22890451,8129800,14760651,4871014,1321735,20120.1,Feb 21 2024,En revisión
880810467-9,Empresa JG S.A.S.,Natural,POPAYÁN,2020-03,10192880,7932781,2260099,745832,1789879,17328.66,Dec 10 2024,Rechazada
765324364-4,Empresa PD S.A.S.,Natural, Santa Marta,2021-03,49899977,37808809,12091168,3990085,1857982,28796.62,May 07 2024,En revisión
782881351-7,Empresa ZA S.A.S., NATURAL,PASTO,2021-02,29494495,21112472,8382023,2766067,1287032,30839.4,Jun 09 2024,Rechazada
933352573-1,Empresa VC S.A.S., NATURAL,santa marta,2020-02,11505660,6917821,4587839,1513986,1709279,24948.78,Feb 21 2024,Rechazada
723040431-4,Empresa TD S.A.S., NATURAL,MANIZALES,2020-03,22721453,13885637,8835816,2915819,1028341,67413.77,May 02 2024,En revisión
872103021-0,Empresa NE S.A.S.,Natural,PEREIRA,2022-01,34931533,15642715,19288818,6365309,879278,69749.92,Dec 02 2024,Presentada
848087249-6,Empresa XF S.A.S.,Natural,Popayán,2023-02,41148724,26455660,14693064,4848711,1772119,29217.33,Aug 13 2024,En revisión
861078625-4,Empresa BD S.A.S.,Natural,PEREIRA,2020-01,9795117,6707930,3087187,,955456,21299.29,08/03/2024,Rechazada
923293427-6,Empresa ZB S.A.S.,Juridica,SANTA MARTA,2020-02,32688013,16432270,16255743,5364395,282907,64238.01,Mar 25 2024,Rechazada
974083422-0,Empresa TG S.A.S.,  Natural,Valledupar ,2023-01,32042520,15449687,16592833,5475634,1855447,73017.25,Dec 11 2024,Aceptada
721621402-7,Empresa NB S.A.S.,Juridica,Medellín,2022-03,12403077,9303122,3099955,1022985,355441,57327.95,Dec 28 2024,Rechazada
900186282-6,Empresa MF S.A.S.,Natural,IBAGUE,2020-03,9482140,3826277,5655863,1866434,549335,5586.48,Apr 23 2024,Presentada
962312835-6,Empresa ND S.A.S.,Natural,cúcuta,2021-03,47372646,27850569,19522077,6442285,1082438,74951.11,Sep 09 2024,Rechazada
758104861-7,Empresa YD S.A.S.,Natural,Pereira ,2021-02,34852655,11350756,23501899,7755626,87088,47671.76,07/04/2024,En revisión
839909062-3,Empresa XC S.A.S., NATURAL, Pasto,2021-02,37389201,19817976,17571225,5798504,916981,59207.45,27/09/2024,Rechazada
858090475-6,Empresa LC S.A.S., Natural,CÚCUTA,2020-01,43098234,24736661,18361573,6059319,479029,17459.43,Mar 13 2024,En revisión
928773560-1,Empresa KA S.A.S., NATURAL,Villavicencio ,2022-02,29124768,13340071,15784697,5208950,502221,47727.57,10/06/2024,En revisión
730202071-0,Empresa PA S.A.S., NATURAL, Santa Marta,2020-01,24864863,15329269,9535594,3146746,1632368,-7623.24,Sep 22 2024,En revisión
989423755-3,Empresa KB S.A.S., Juridica,Buga ,2021-03,26410563,21091364,5319199,1755335,,42849.88,Mar 05 2024,Presentada
988063009-8,Empresa CD S.A.S., NATURAL,Buga,2022-01,43528255,24804642,18723613,6178792,266273,54229.51,04/07/2024,Presentada
870501040-3,Empresa VD S.A.S.,  Juridica,BUGA,2022-01,37002384,27115936,9886448,3262527,568298,75898.02,May 22 2024,Rechazada
899300358-7,Empresa TF S.A.S.,  Natural, Bogotá D.C.,2022-01,3944039,2455157,1488882,491331,886641,6970.1,00/00/0000,Presentada
988709063-6,Empresa VG S.A.S., Juridica, Montería,2021-01,,4667444,10230417,3376037,66878,45744.24,May 14 2024,Rechazada
890485147-7,Empresa OF S.A.S.,  Juridica,Santa Marta ,2021-01,19649265,8926614,10722651,3538474,185446,29641.75,02/11/2024,Rechazada
918452772-0,Empresa YG S.A.S.,  Juridica,TUNJA,2020-03,26073264,16439250,9634014,3179224,1739051,12754.1,17/12/2024,Aceptada
707330616-4,Empresa IG S.A.S., Natural,Medellín ,2023-02,32042750,13948090,18094660,5971237,1884034,69231.11,06/09/2024,Aceptada
773917871-2,Empresa ID S.A.S., Natural,Pereira ,2022-03,48285025,19921401,28363624,9359995,1220702,28143.83,04/07/2024,En revisión
796443349-4,Empresa HC S.A.S., NATURAL,Tunja,2020-02,41906988,26725382,15181606,5009929,1476380,79511.46,Mar 24 2024,Presentada
863961242-2,Empresa KD S.A.S.,  Natural, Montería,2020-01,20525563,11019620,9505943,3136961,1983237,3205.63,10/02/2024,En revisión
847012795-1,Empresa FA S.A.S., Natural,Santa Marta,2020-02,31835453,11462444,20373009,6723092,1720596,42213.57,21/06/2024,Aceptada
846669174-6,Empresa EF S.A.S.,NATURAL,IBAGUÉ,2021-03,16582705,5494668,11088037,3659052,1029378,62209.55,07/02/2024,En revisión
790243380-5,Empresa XG S.A.S.,Natural,CÚCUTA,2020-02,29199034,10060604,19138430,6315681,1488008,54543.39,21/06/2024,En revisión
828018340-9,Empresa UG S.A.S.,juridica,bucaramanga,2023-02,46391523,24896989,21494534,7093196,289146,12057.26,23/04/2024,En revisión
918856733-2,Empresa UC S.A.S.,NATURAL,cali,2021-02,33915252,16135982,17779270,5867159,256659,79817.36,Jun 04 2024,Presentada
782881351-7,Empresa ZA S.A.S., NATURAL,PASTO,2021-02,29494495,21112472,8382023,2766067,1287032,30839.4,Jun 09 2024,Rechazada
866846172-3,Empresa WC S.A.S., NATURAL,Buga ,2021-03,23418572,12024548,11394024,3760027,1339626,69406.57,14/05/2024,Rechazada
856248842-5,Empresa IA S.A.S., Natural,ibagué,2020-01,35999142,16443524,19555618,6453353,,67072.6,14/05/2024,Presentada
963069308-2,Empresa GB S.A.S.,Natural,valledupar,2022-02,34770337,25786731,8983606,2964589,ninguno,20383.12,07/06/2024,En revisión
876088073-2,Empresa SF S.A.S.,natural,ibagué,2023-01,31349463,21148310,10201153,3366380,1672427,11449.2,Jul 17 2024,Rechazada
950304809-9,Empresa UF S.A.S.,Natural,IBAGUÉ,2020-02,45388975,20584647,24804328,8185428,488429,-15882.91,09/08/2024,En revisión
717889293-8,Empresa PG S.A.S.,natural,POPAYÁN,2021-01,13410607,5023734,8386873,2767668,1555178,27768.7,17/05/2024,Rechazada
752354281-7,Empresa JF S.A.S., NATURAL,ARMENIA,2022-02,23554182,12906134,10648048,3513855,1100546,-22891.66,Jul 05 2024,Presentada
770909485-1,Empresa SE S.A.S., JURIDICA,CARTAGENA,2021-01,44719333,14887311,29832022,9844567,526262,30308.35,Sep 23 2024,En revisión
895531676-3,Empresa PC S.A.S.,natural, Pasto,2022-03,30271520,17038051,13233469,4367044,862458,50013.69,28/01/2024,Aceptada
918452772-0,Empresa YG S.A.S.,  Juridica,TUNJA,2020-03,26073264,16439250,9634014,3179224,1739051,12754.1,17/12/2024,Aceptada
989039887-3,Empresa GA S.A.S.,Natural,BUGA,2022-03,3824339,1820290,2004049,661336,378747,28460.29,Oct 25 2024,Rechazada
710989657-2,Empresa DA S.A.S., NATURAL,POPAYÁN,2021-01,32321184,23725288,8595896,2836645,1393965,15488.08,22/03/2024,En revisión
901866785-0,Empresa AA S.A.S.,Natural,Armenia,2020-02,28199790,19852581,8347209,2754578,1140583,64649.17,01/01/1900,Presentada
959274641-6,Empresa AH S.A.S.,  Natural, Ibagué,2023-03,28090772,9088377,19002395,6270790,877891,47848.83,08/08/2024,Presentada
992657425-4,Empresa AB S.A.S., Natural,CÚCUTA,2020-02,19881549,14326446,5555103,1833183,982077,21458.02,10/10/2024,En revisión
814795635-8,Empresa FG S.A.S., Natural, Cartagena,2020-02,41085174,30683491,10401683,3432555,425611,73602.38,28/05/2024,Presentada
848048570-5,Empresa QA S.A.S., Natural,villavicencio,2023-03,49464057,38981910,10482147,3459108,1707093,18984.76,Sep 15 2024,Rechazada
892484609-9,Empresa MG S.A.S.,Natural, Bucaramanga,2020-01,43884561,34739489,9145072,3017873,761670,43522.74,23/06/2024,En revisión
957593147-0,Empresa AD S.A.S.,  Natural, Neiva,2020-03,27927177,18648201,9278976,3062062,1711667,20461.58,01/12/2024,Presentada
806347654-9,Empresa YC S.A.S.,juridica,CUCUTA,2022-03,22890451,8129800,14760651,4871014,1321735,20120.1,Feb 21 2024,En revisión
820261927-1,Empresa HG S.A.S., Natural,ibagué,2021-03,34412167,11625253,22786914,7519681,1030313,16034.5,16/08/2024,Aceptada
721621402-7,Empresa NB S.A.S.,Juridica,Medellín,2022-03,12403077,9303122,3099955,1022985,355441,57327.95,Dec 28 2024,Rechazada
757179142-5,Empresa ZC S.A.S.,NATURAL,Montería ,2022-03,45416332,23260098,22156234,7311557,,48893.89,13/06/2024,Rechazada
916990508-9,Empresa VF S.A.S.,Juridica,Tunja,2022-03,15052006,9585098,5466908,1804079,1690756,44651.55,26/12/2024,En revisión
849748334-2,Empresa EC S.A.S.,NATURAL,Cali,2022-01,39525531,15797630,23727901,7830207,1636123,27298.81,Mar 24 2024,Aceptada
784360145-2,Empresa HF S.A.S.,NATURAL,CALI,2021-01,49345592,24577135,24768457,8173590,923895,75629.88,06/10/2024,En revisión
863246184-8,Empresa CG S.A.S.,NATURAL, Cali,2023-02,14612771,4892563,9720208,3207668,1922047,15388.0,17/04/2024,Rechazada
841579688-1,Empresa HA S.A.S.,NATURAL,Bucaramanga,2020-02,39770975,17262605,22508370,7427762,1215459,11043.14,Mar 24 2024,Presentada
802369301-8,Empresa SC S.A.S.,NATURAL,Cúcuta ,2021-01,44100052,22355928,21744124,7175560,1399823,-5815.45,03/06/2024,En revisión
914769064-3,Empresa WB S.A.S.,natural, Cúcuta,2020-02,23626094,15557356,8068738,2662683,1032868,55391.17,08/10/2024,Aceptada
967503306-8,Empresa DF S.A.S., Natural,MEDELLIN,2023-03,43457252,24365371,19091881,6300320,705332,15310.71,26/03/2024,Rechazada
767220567-2,Empresa NA S.A.S.,natural,BOGOTA D.C.,2023-02,18059552,12430384,5629168,1857625,1439558,17955.44,26/03/2024,Presentada
963188473-4,Empresa VE S.A.S.,  Juridica, Montería,2023-01,43215202,30437730,12777472,4216565,1830116,50431.16,09/12/2024,Aceptada
716663753-1,Empresa GD S.A.S., Natural, Montería,2020-02,23566845,8946310,14620535,4824776,1730517,55333.15,Feb 13 2024,Presentada
746262849-7,Empresa DG S.A.S., Juridica,Cartagena ,2020-01,4823537,3426594,1396943,460991,341295,1539.43,25/06/2024,Presentada
702851755-5,Empresa RA S.A.S.,natural,Neiva,2021-01,14609908,5539304,9070604,2993299,910961,12725.48,Jun 10 2024,Rechazada
874117729-9,Empresa GG S.A.S., Natural,VALLEDUPAR,2023-01,20450350,8298761,12151589,4010024,1852951,9989.85,13/07/2024,Rechazada
